{"usingComponents":{"gift_use":"/components/gift_use/gift_use","vip-member":"/components/vip-member/vip-member","customerService":"/components/customerService/customerService","user-member":"/components/user-member/user-member","navigation-bar":"/components/navigation-bar/navigation-bar","svg-icon":"../../components/svg-icon/index","sub-title":"../../components/sub-title/index","empty":"../../components/empty/index","custom-ads":"/components/custom-ads/index","privacy":"/components/privacy/privacy","add-tips":"/components/weplug-add-tips-master/index","ToRate":"/components/ToRate/ToRate","action":"/components/actionToDo/actionToDo"},"backgroundTextStyle":"dark","navigationStyle":"custom"}