{"subPackages":[{"root":"packageMember/"}],"entryPagePath":"pages/voice_task/index.html","pages":["pages/voice_task/index","pages/index/index","pages/my/index","pages/userInfo/userInfo","pages/list/index","pages/common/footer","pages/success/index","pages/share/index","pages/introduce/introduce","packageMember/pages/vip/vip","packageMember/pages/failPage/index"],"page":{"pages/voice_task/index.html":{"window":{"navigationStyle":"custom"}},"pages/index/index.html":{"window":{}},"pages/my/index.html":{"window":{"navigationStyle":"custom","backgroundTextStyle":"dark"}},"pages/userInfo/userInfo.html":{"window":{"navigationBarTitleText":"个人信息"}},"pages/list/index.html":{"window":{}},"pages/common/footer.html":{"window":{}},"pages/success/index.html":{"window":{"navigationBarTextStyle":"black","navigationBarBackgroundColor":"#FFC9CC"}},"pages/share/index.html":{"window":{"navigationStyle":"custom"}},"pages/introduce/introduce.html":{"window":{}},"packageMember/pages/vip/vip.html":{"window":{"navigationStyle":"custom"}},"packageMember/pages/failPage/index.html":{"window":{"navigationBarTextStyle":"black","navigationBarBackgroundColor":"#FFC9CC"}}},"global":{"window":{"backgroundTextStyle":"light","navigationBarBackgroundColor":"#f7f7f7","navigationBarTitleText":"","navigationBarTextStyle":"black"}},"requiredBackgroundModes":["audio"],"renderer":{"allUsed":["webview"],"default":"webview"},"__usePrivacyCheck__":true}