{"usingComponents":{"navigation-bar":"/components/navigation-bar/navigation-bar","svg-icon":"../../components/svg-icon/index","sub-title":"../../components/sub-title/index","empty":"../../components/empty/index","custom-ads":"/components/custom-ads/index","privacy":"/components/privacy/privacy","add-tips":"/components/weplug-add-tips-master/index","customerService":"/components/customerService/customerService","ToRate":"/components/ToRate/ToRate","vip-member":"/components/vip-member/vip-member","action":"/components/actionToDo/actionToDo"},"navigationStyle":"custom"}